words,coef,exp_coef
spotify,2.421316448816491,11.26067366209279
premium,2.141531334518426,8.51246308173185
large,1.3547040443301657,3.875613777013001
function,1.2745277351964643,3.5770117144065328
electronic,1.236130464414764,3.442267683132955
ads,1.2071173083597058,3.3438315105758285
basically,1.176849931893525,3.2441388320280047
headphones,1.1626557304401008,3.1984161381311593
saved,1.1187066355996556,3.060892792300411
looks,1.1034393564396232,3.0145162104941243
jams,1.0782585694195745,2.9395560584438933
actual,1.06752426096799,2.908170708381206
let,1.047049831487502,2.8492329892697934
remove,1.0447944749565206,2.842814194095802
recent,1.0305598604558794,2.802634479764439
allows,1.0269136028671926,2.79243396068582
person,1.0227939521187026,2.7809537714510117
real,1.0225756160965087,2.780346655346717
pretty,1.019737039988886,2.772465620510332
account,0.9938302187987462,2.7015622554253245
calming,0.9850304146085853,2.677893330259945
1000,0.9660769381927315,2.627615913205139
order,0.9600290498348686,2.6117723438764044
christian,0.9550351676706659,2.598761973717742
beautiful,0.9411934787404438,2.563038525661406
vote,0.9355754288054113,2.5486796195315304
currently,0.9230844529769008,2.517042126937843
techno,0.9114342021063948,2.4878881102629156
hop,0.8919400379770251,2.4398584808636605
edm,0.8889733368874774,2.4326308764221602
energy,0.8879896348746757,2.430239069138313
higher,0.8796745417283991,2.410115186836874
ive,0.8734818657940575,2.395236242310854
desktop,0.8712433470827732,2.3898804579127604
imgur,0.8608209966129037,2.365101637276101
holiday,0.8572933743199933,2.3567731505299245
comes,0.8366597224461556,2.3086425761651332
popular,0.8308071971509577,2.2951706479443104
paying,0.8161278495520585,2.261725120046253
featured,0.8160249185378335,2.261492330366593
sorry,0.8059134201882417,2.2387404759198386
banned,0.8016617995573686,2.2292424061274634
girl,0.7891588100403438,2.201543730648747
sd,0.7851187645094903,2.1926673363307065
gaming,0.7821226826274154,2.186107756876329
version,0.7793018286576721,2.179949755626572
class,0.7731655751100172,2.166613988872877
pure,0.772968512713925,2.1661870727947568
situation,0.7705611049542378,2.160978449382583
hits,0.7650061942225995,2.1490076860459686
nights,0.763438192510395,2.1456406787411693
setting,0.7613315387075429,2.1411253144703295
fully,0.7576972998738735,2.1333580762530477
present,0.7556828062809986,2.129064765952095
www,0.754850033302906,2.127292476406248
puts,0.7501919949849414,2.1174065090199883
house,0.7489327625150017,2.1147418800375375
plays,0.7484399113892013,2.113699883916756
perfect,0.7476959758806905,2.1121280122768336
netflix,0.7447750101297707,2.1059675603061248
happening,0.7428430592054243,2.1019028619944464
sweet,0.7401187309259081,2.096184381632465
smooth,0.7287798383414611,2.0725502179344675
care,0.7259728592294921,2.066740770078061
electronica,0.725273381541025,2.0652956364998154
considering,0.7251617991464494,2.065065198723827
tv,0.7183011105480712,2.0509459188330283
horrible,0.7138276200104459,2.0417915229901036
studying,0.7116237882807469,2.0372967127682275
course,0.71117316183361,2.0363788598087305
gives,0.7043679666371783,2.0225679504402354
saying,0.6998496403289878,2.013449943038232
sad,0.6965991170896729,2.0069158026480385
theme,0.6962202277414249,2.0061555476629374
modern,0.6953619669166808,2.0044344816154647
pink,0.6920015696009089,1.9977100900053641
welcome,0.6920014402074816,1.9977098315148256
oh,0.6903261952816443,1.9943659799235187
dance,0.6890632076954841,1.991848710423296
simple,0.6872074377838681,1.9881557252432422
relax,0.6870805941219148,1.9879035562838743
cross,0.6851637637449361,1.9840967320444547
cause,0.6753070199613705,1.9646360658738422
look,0.6742339668226693,1.962529037655749
en,0.663051223635275,1.9407048340944137
buttons,0.6627950322212057,1.9402077058613876
specific,0.6608977876879132,1.936530147115229
different,0.6564270997999782,1.9278918491966748
automatic,0.6556548853733987,1.9264036779654385
trance,0.6551198605067368,1.925373279763408
subscribers,0.6481320891513311,1.9119661091866629
right,0.6479117217122109,1.9115448205323524
trigger,0.6454459540135131,1.9068372013920751
discover,0.6432594207383476,1.9026723933059442
username,0.642765731919414,1.9017332970490102
appreciate,0.6422298798304913,1.9007145222698867
alphabetical,0.6403274649308981,1.897102011979076
style,0.6367460887990922,1.8903199279597487
taste,0.6366923583083722,1.8902183628709972
shit,0.6364544118752863,1.8897686456602234
follow,0.6362837658929507,1.8894461917468126
sucks,0.6354049768036124,1.8877864964164988
discovered,0.6332731639374164,1.883766375470081
idea,0.6292324318334992,1.8761699381204862
voice,0.6289464190418038,1.875633406249936
device,0.6265185074464921,1.871085057882501
canada,0.623792524076185,1.8659914568203844
crazy,0.6235973054169135,1.8656272160244285
finger,0.6227790486184689,1.8641012782611677
stupid,0.621380753313481,1.8614965357197921
decision,0.6209378613513539,1.8606722764089796
played,0.6162822876403125,1.852029912664599
nostalgic,0.6149665719692399,1.8495947702140438
school,0.6134628956403708,1.8468156682985948
girls,0.6116953150236062,1.8435541560626507
sex,0.6115815711028926,1.8433444749100967
best,0.6094626466774286,1.839442702517939
isn,0.6066489499804573,1.8342743431691872
year,0.6050896609065534,1.8314164079799595
number,0.603306347001862,1.8281533280470101
ass,0.6025943241093316,1.826852104331896
power,0.6016082147868231,1.8250515163751644
rotation,0.5961997497771362,1.8152074337922395
followers,0.5954134710926369,1.8137807358436997
ready,0.5927265757149428,1.80891383811892
past,0.5921201008401304,1.8078171099280624
listed,0.5912420768595164,1.8062304997957832
90s,0.5912262739956647,1.8062019564066445
googled,0.5911263410061046,1.8060214662640015
include,0.5864480154280268,1.797592043011397
second,0.5863918854588225,1.7974911470570507
mention,0.5839473215187234,1.7931024314498072
head,0.5825636914802177,1.7906231566586064
watch,0.5822941940133587,1.7901406532734283
just,0.578378377085879,1.783144496974102
late,0.5781327358414956,1.7827065369336765
join,0.5779245069783253,1.7823353646238598
given,0.5775502137107483,1.7816683733292793
genre,0.5749318458888479,1.777009412289852
called,0.5742225302453183,1.7757493986415405
women,0.5733603893969591,1.7742191123044895
checked,0.572291786314319,1.7723241889325998
2014,0.5721490274609036,1.7720711920227115
upbeat,0.5715337403185604,1.7709811947679788
covers,0.5685349002218746,1.765678260650488
super,0.5665939276947127,1.7622544514894158
stream,0.5656114662566063,1.7605239546590923
bit,0.5641926996878501,1.7580279531691454
instrumental,0.5636283725078213,1.7570361300946027
remember,0.5634451739342337,1.7567142730646021
swear,0.561532917897167,1.753358195453057
text,0.5599293653159609,1.7505488464643628
podcast,0.5585863579830939,1.7481994245255967
2000,0.5565874789473857,1.7447084755004314
tracks,0.5553565615574207,1.7425622047095337
sub,0.5538589330840763,1.739954447148584
coming,0.5516444278721009,1.7361055722065009
places,0.5504834194197761,1.7340911085939628
random,0.550362562224717,1.7338815438705586
file,0.5489022778472463,1.7313514315310283
workout,0.5476560120571731,1.729195051461776
settings,0.5466059278940173,1.7273802041611988
seriously,0.5421458531809649,1.7196931146324028
news,0.539889282989709,1.7158168815526762
rnb,0.5383361790617135,1.7131541079315478
nice,0.5380415600663718,1.7126494545332924
big,0.5347373211103476,1.7069997905477738
install,0.5344996868029779,1.7065941970282432
manually,0.5337984299854566,1.7053978557331055
online,0.5331796023844775,1.7043428349409884
eyes,0.531168493530439,1.7009186603233735
old,0.5308771282283107,1.7004231438356736
frustrated,0.5252238820763606,1.6908373541848205
sound,0.522500615607997,1.6862390176044628
carefully,0.521085692805567,1.6838548067030594
metal,0.5192702202983879,1.680800587859456
place,0.5190522698818254,1.680434296589291
bunch,0.5187727616814184,1.6799646670588593
podcasts,0.5175986151541487,1.6779932999425036
rainy,0.516180019643972,1.6756145937909435
scrolling,0.5145707463790666,1.6729202405796424
lo,0.5143863481701045,1.672611785523697
service,0.514291841153774,1.6724537194436624
needs,0.5142309209745355,1.672351836366705
common,0.5126034050358241,1.669632270766366
hanging,0.5108705076194509,1.6667414747679257
noticed,0.5088889542013402,1.6634420076163265
internet,0.5065034287398577,1.659478553693162
hit,0.5045974134008843,1.6563185745561342
hipster,0.5034019896254016,1.654339754951988
die,0.49675837597392425,1.643385389349826
spend,0.4959090283008625,1.641990176387754
playlist,0.49558957084751243,1.6414657141637228
address,0.49458164569910057,1.6398120731033632
double,0.4931103774462564,1.6374012435829235
car,0.49230674188607215,1.6360858983171958
2019,0.4919269401439002,1.6354646280299088
imagine,0.4907397806434902,1.6335242226723783
wants,0.48767089821367077,1.6285188133215678
win,0.48735938573961896,1.6280115884045363
years,0.4871438797987072,1.6276607800373633
memories,0.4862525538238809,1.6262106500711688
16,0.4852329392231234,1.6245533869768491
god,0.4845432428259855,1.6234333246547665
ps4,0.48177592496785737,1.618946979059165
classics,0.48166439970440006,1.6187664356385656
funky,0.48151602786464714,1.6185262741014248
del,0.48095217919087047,1.6176139274451975
reality,0.4798003573236218,1.6157517969779691
amazing,0.4791647410044727,1.6147251250873846
google,0.4790716970966828,1.6145748917409972
im,0.4775623795443863,1.6121398236251845
listeners,0.4770401191225338,1.6112980866229063
funk,0.4737626540820021,1.6060257581297972
button,0.47351400680175015,1.6056264738355577
los,0.4723283021885379,1.6037238033439378
think,0.4720927465462032,1.603346081642299
cd,0.4710520568944529,1.6016783639057712
non,0.4706769712337069,1.6010777099737237
developer,0.46967848332927253,1.599479851100387
based,0.4693467940591736,1.5989494087719152
stand,0.467732778025862,1.5963707603394521
building,0.46717680428514824,1.5954834667950712
went,0.4671567014478969,1.5954513933729857
cool,0.46603640887982495,1.593665021850473
early,0.46579124092730884,1.593274354151626
2010,0.4657077397918119,1.5931413194882464
wall,0.46557159450490265,1.5929244355704142
forgot,0.4649664803056797,1.5919608259524958
app,0.4649460549695509,1.591928309949598
galaxy,0.4646547159551813,1.5914645866784507
bangers,0.4624500751370373,1.5879598436593367
collection,0.46189797373502933,1.5870833707765375
reading,0.4598229487560001,1.5837935475514824
500,0.45913574621003767,1.5827055344788203
daniel,0.45805786214331184,1.5810004804912325
floyd,0.4580380298224559,1.5809691258933483
hopefully,0.4538864285757125,1.574419178292332
blue,0.4506943126537133,1.5694014625912056
realized,0.44998475520293624,1.5682882770714084
length,0.44979153200755095,1.5679852766735225
wifi,0.44661409707268157,1.563011012363708
appear,0.4452328218347314,1.5608535543203943
kendrick,0.4427748235733011,1.557021690284362
anymore,0.44266631993592265,1.5568527569325965
pandora,0.4415100136715927,1.5550535987265308
students,0.44050326070916673,1.5534888317083615
biggest,0.44038937837304176,1.5533119268444233
ambient,0.44008453282602056,1.5528384787883223
24,0.43823035933509547,1.54996191449402
lol,0.43644289242363443,1.547193883476761
ages,0.4358223759669641,1.5462341220150901
styles,0.4352232818843685,1.5453080597291993
rock,0.4346170995760446,1.5443716051822463
theres,0.4343140270620982,1.5439036195177742
despite,0.43329523303083445,1.5423315006939806
quite,0.43266698655080676,1.54136284066812
finished,0.428084102411812,1.534315115143124
enjoy,0.42613564790486,1.531328482545701
reads,0.4248867232812309,1.5294171624927657
spanish,0.4247730171860476,1.529243268325913
info,0.423429753094114,1.5271904697896859
links,0.4219256157270882,1.5248950922518334
baby,0.4212216779516955,1.5238220387186556
maybe,0.4207209768839077,1.5230592503771552
slow,0.42005036271981006,1.5220382076722079
vocals,0.41871697641318983,1.5200100951971312
wanted,0.41815382806776813,1.5191543450067644
friendly,0.41765290678533273,1.5183935588269488
xxxtentacion,0.412814741192436,1.5110650618903745
friday,0.4127990584827632,1.5110413644815326
half,0.410966529841682,1.5082748735144216
enable,0.40933612189106083,1.5058177737507112
99,0.40816500769388425,1.5040553213954333
songs,0.40769470315421996,1.5033481236620623
country,0.4076536688730697,1.50328643611815
60,0.4066054745998783,1.5017115254352216
band,0.40655573111857435,1.5016368269339293
wondering,0.40595541316497846,1.5007356379139785
pc,0.4042341450696881,1.4981546914286203
ui,0.4040720583046071,1.4979118800598819
standard,0.4030546684419844,1.4963886946660814
option,0.4024383170901073,1.495466677643598
kinds,0.40242989439318294,1.4954540818340571
gym,0.40204355301199174,1.4948764376296881
pull,0.4020261628460352,1.4948504417063908
gb,0.40103718288354934,1.4933727953743752
lofi,0.40035897431087264,1.4923603205157232
longer,0.3993301920547046,1.490825796179216
rap,0.3988758437757061,1.4901485958984761
siri,0.3978197111114606,1.4885756320672183
page,0.39675337046227577,1.4869891493771799
return,0.3959191118711146,1.485749133223333
electro,0.3953127235609638,1.4848484654219412
ad,0.3950888663351226,1.4845161085653071
latin,0.3943771734352663,1.4834599648606854
liquid,0.3940452208681241,1.4829676082411403
digital,0.39283001343203094,1.4811665895034365
favourite,0.39034637261869654,1.4774924681978547
greatest,0.38715692894496645,1.4727875961427617
original,0.38463272864885534,1.4690746733083626
reason,0.3844349071028879,1.4687840874283686
minute,0.38343628535307395,1.4673180598182431
pause,0.3832073663213691,1.4669822012324643
ocean,0.38051513586822955,1.4630380587286689
session,0.37995685979308913,1.4622215075351666
forever,0.37846604858554866,1.4600432354235025
underground,0.37655846529428094,1.4572607361114416
kids,0.375589842582052,1.455849883666974
important,0.3748594688003416,1.4547869572958652
developers,0.3734161148432182,1.4526886994129597
quickly,0.371048466977831,1.4492533126126632
fixed,0.3697354349808892,1.447351645389699
mainly,0.36855208402094314,1.445639933408501
exclusive,0.36606154814912106,1.442043995062062
worse,0.36319630006338055,1.4379180949520345
searches,0.36099611215419386,1.4347578827502951
alot,0.3594466172814304,1.432536454257805
comment,0.35837814152955316,1.4310066412223583
algorithm,0.35617204347513226,1.4278531799566325
lmao,0.3559377187333037,1.42751863782615
bullshit,0.3557697948588611,1.427278943491411
uk,0.35479409828513336,1.4258870314688117
fuck,0.3545507560463956,1.4255400951402302
convenient,0.3545167298924193,1.4254915903186745
progressive,0.3540429220071208,1.424816341144579
drums,0.353404403332992,1.4239068596948992
artist,0.35294316706571666,1.4232502536468874
crash,0.34850042416111815,1.4169411439346458
featuring,0.3484711612194183,1.41689968067523
hundreds,0.3484627480478232,1.4168877601052285
ipad,0.34720821995272716,1.4151113491143095
buying,0.3458685237033284,1.4132167990915585
luck,0.3447420095646398,1.4116256867598833
terrible,0.3442398784903422,1.4109170435680576
pulled,0.34417723496018054,1.410828661511994
display,0.34415321430987467,1.4107947728970893
heavy,0.3429692207038042,1.4091253893712294
thumbs,0.34270458415255534,1.4087525326258465
tunes,0.34263672778941284,1.4086569430456322
instance,0.34133540163188514,1.4068250131463356
language,0.34095573829302717,1.406290994644694
driving,0.340197211284041,1.4052246894045501
dear,0.33786364895331594,1.401949333113514
isnt,0.3374358708521024,1.4013497381457392
hot,0.33565411786786237,1.3988551021403723
com,0.3330496624629482,1.3952165866413175
connected,0.33227973202233074,1.3941427803511284
essential,0.3311622946796637,1.3925857832327297
ways,0.3300447303140892,1.3910303482966004
west,0.32950126370193006,1.3902745751331433
turned,0.3294235032560844,1.3901664709655017
works,0.32927536369432914,1.3899605475668038
queue,0.32775852797972466,1.3878538039622648
fucking,0.32756272696317584,1.3875820873786877
states,0.3274423284193619,1.387415034572604
consider,0.3273984431747371,1.3873541488604177
musical,0.3267031340513196,1.386389844147086
mixed,0.3260314542531456,1.3854589467638603
drives,0.3243335502130704,1.3831085663456506
great,0.3221649701819277,1.3801124345777012
disco,0.32120476785435853,1.3787878834260303
bass,0.31979023619081093,1.3768389230656517
monday,0.31886471868094735,1.3755652240403868
21,0.3185715711414972,1.3751620395787598
media,0.3184142089154959,1.3749456580446857
issue,0.31820477110769907,1.3746577225935623
titles,0.31806626763791906,1.3744673409137893
range,0.3171369298252487,1.3731905898000323
check,0.3149774337886563,1.3702283897446785
rare,0.31445363379282415,1.369510852059365
posts,0.3123897404459644,1.3666872425400984
posting,0.31217945131777414,1.3663998732877296
date,0.31185250742991133,1.36595321022164
heard,0.3102308140478889,1.36373984812288
everyday,0.30953627990333105,1.3627930130767598
family,0.3087015709717282,1.361655952200273
daily,0.3063717880453786,1.3584872820014045
little,0.30633977691344577,1.3584437959818132
surprised,0.3055259231897367,1.3573386712059599
implement,0.3051241541021547,1.3567934440215381
max,0.30508663886834786,1.3567425445530168
halloween,0.30382307368845823,1.3550292945451194
tastes,0.30100174422196224,1.35121169834908
clear,0.30090527696118,1.3510813569447437
menu,0.30056625759191585,1.3506233918291963
times,0.300201904924714,1.3501313782326743
stop,0.3002011098074086,1.3501303047202777
reach,0.2997679936963784,1.3495456681502114
audio,0.2974850698549137,1.346468272236046
monthly,0.29716877194236757,1.3460424544784122
incredibly,0.29690018172752924,1.3456809691942604
si,0.2964447095675995,1.345068188539503
instead,0.2963942361890988,1.3450003001170072
makes,0.2963437003927512,1.3449323311731998
picture,0.29628662038073617,1.344855564610516
tablet,0.29602649092333855,1.3445057735596662
listen,0.29560333694102237,1.3439369609434868
watching,0.2955040817550749,1.343803574850267
united,0.2948455166563999,1.3429188840616089
complaints,0.2946737172041964,1.3426881911499988
worth,0.2916445671469308,1.3386271410092847
favorite,0.28927004946128254,1.3354523180168674
straight,0.2877123593011189,1.3333737164106523
club,0.2871918321907154,1.3326798398494089
nightmare,0.28716322209835365,1.332641712301521
miss,0.28625613874367123,1.3314334432697472
inspired,0.28557464851532227,1.3305263934963454
apk,0.28173803377298945,1.3254314562253409
annoyed,0.28002115046172554,1.3231577974398385
disappearing,0.2792796372251854,1.322177022092896
deal,0.2784991007100767,1.3211454173026929
talk,0.2774673587159369,1.3197830390275889
stuff,0.27680655862458264,1.3189112143574666
saturday,0.2758268201945238,1.3176196591513722
away,0.275451576270743,1.3171253231345155
al,0.2739537812121315,1.315154016009522
ultimate,0.2736246465217396,1.314721224426914
lose,0.2733770220002367,1.3143957075174533
dr,0.2730829989254418,1.3140093016589347
hear,0.27301217249016024,1.3139162383598813
specifically,0.2724432742021581,1.3131689662423685
personally,0.27161138879003965,1.3120770143880862
run,0.270738546690695,1.3109322779920822
reddit,0.2704098316625488,1.3105014256691205
anyways,0.2703931721906097,1.3104795935892495
growing,0.2700581455322605,1.3100406215279519
recommended,0.26956140523397615,1.3093900331589574
clearly,0.26944808382337526,1.3092416596404801
hate,0.26851688537830093,1.308023063308358
screenshot,0.2684778284843637,1.3079719769879499
perfectly,0.2683724437439582,1.3078341439635737
password,0.26749641039935557,1.3066889393362109
today,0.26748107480635924,1.3066689006401173
records,0.2654691349116196,1.3040426042109006
tap,0.2632933914108997,1.3012084263302286
edit,0.2617355435904572,1.2991829197444786
complaining,0.26167488440900444,1.2991041147621567
logging,0.26155568501148835,1.2989492715631576
culture,0.26079054062472107,1.2979557679546505
workaround,0.25993549963808316,1.29684643690355
goal,0.25786582676995673,1.29416516465429
tl,0.25689018579334366,1.2929031398308213
fav,0.25665701862658313,1.2926017124116655
infuriating,0.255446101504021,1.2910374261670974
dre,0.2545274551270416,1.2898519639066783
point,0.2522581812174409,1.2869282551004562
genuinely,0.25153250167658936,1.2859946963683904
doubt,0.25125853891250194,1.285642429962914
facebook,0.2503949318517431,1.2845326193718944
improvements,0.2502462036436321,1.284341587343433
suitable,0.2496525728635356,1.2835793888996392
samsung,0.24870884543863456,1.2823686112402004
devs,0.2485407649770905,1.282153088245263
bonus,0.248301567518154,1.2818464371611293
promote,0.24816529374785884,1.2816717670159479
switching,0.2473196101721537,1.280588336437431
okay,0.24662946953845707,1.2797048552896038
benefits,0.24634128125975102,1.279336112486335
alternatives,0.24491440069513287,1.2775119543891789
broken,0.2449032523680008,1.2774977123473839
shitty,0.2433687886365581,1.2755389416564176
day,0.2429781909205381,1.2750408163487488
spot,0.241574247287276,1.2732519869141583
use,0.24121245010718656,1.2727914112582603
jam,0.24111646520901114,1.2726692483672422
diverse,0.2404378954454088,1.271805946434654
experimental,0.23996926824269443,1.2712100832013458
plz,0.23979925985351105,1.2709939851925447
making,0.23953394293129987,1.2706568137108722
hope,0.2361909944774116,1.2664161655633495
knows,0.2361709207907957,1.266390744177268
20,0.2349104627332252,1.2647955173292063
trap,0.23441285596520012,1.2641663030832324
lists,0.23425682832764105,1.2639690735885067
relatively,0.2325689653436145,1.2618374664127245
bluetooth,0.23146807538411573,1.2604490865823608
shot,0.23119021169607187,1.2600989022045859
selecting,0.23117819200283915,1.2600837562933633
2017,0.23054424750817668,1.2592851862845222
supported,0.2304971399839038,1.2592258658742728
email,0.22994487908327307,1.2585306366551148
redesign,0.22903161569855474,1.2573817913851209
correct,0.22881192739226652,1.2571055896492704
save,0.2280373693188717,1.2561322653624514
regularly,0.22718414397983502,1.2550609585824999
september,0.22660272535340475,1.254331454857952
progress,0.22459955112666402,1.2518213253685075
debut,0.2244920287135327,1.251686733754732
helps,0.22433285644312578,1.2514875157908905
tired,0.22417342065936816,1.251287999803364
true,0.22365362427760568,1.2506377538409135
suck,0.22355831950896926,1.2505185677787258
set,0.22353478213075323,1.250489134196626
constantly,0.22337738634629714,1.250292327967037
thoughts,0.22323515791426002,1.2501145134950786
fit,0.22166557414766627,1.2481538931297766
death,0.22145081406942052,1.247885868283574
long,0.2211918338646343,1.247562732390562
helpful,0.2207597555344135,1.2470238040063277
giving,0.2206091528755277,1.2468360130470144
browser,0.21921038673579402,1.245093200228101
recommendations,0.21884226673312152,1.2446349408682988
client,0.21662297021533564,1.2418757896978727
traveling,0.21650193552201782,1.2417254887385265
randomly,0.21629881876417908,1.2414732990959667
filled,0.21604265254778193,1.241155316308142
seeing,0.21580263048022044,1.2408574473919431
soundcloud,0.21535043292211206,1.2402964615320493
rarely,0.21526848296967366,1.2401948234606917
popup,0.21499570663425058,1.2398565737968865
people,0.21449897657805936,1.2392408527075613
working,0.21444972776369003,1.2391798230676785
level,0.21396074818720598,1.2385740375630474
keeping,0.21394956589957534,1.238560187549345
living,0.21328627270176118,1.2377389313987792
regarding,0.21311376780279406,1.2375254337846922
advance,0.2129200921201468,1.237285778409969
party,0.21061775537843572,1.234440406661184
tried,0.2103861958074193,1.2341545932628635
details,0.21025206013156608,1.2339890602045813
removal,0.20995401148794135,1.233621326242966
platforms,0.20976731082766048,1.2333910298257353
loved,0.20967270094730664,1.2332743443678598
art,0.2096137194501307,1.2332016061457258
interface,0.2095990399456178,1.2331835034900525
cards,0.2084702668513459,1.231792304452748
singles,0.20548630886072003,1.2281221664551307
special,0.20488521926929057,1.2273841768250335
pages,0.20486615759680293,1.2273607810528202
stock,0.20482325868527945,1.2273081297406165
ton,0.20316560577728496,1.2252753641257348
pain,0.20301223194247775,1.2250874533551102
continue,0.20230119406813432,1.2242166793897131
man,0.20165233296251867,1.2234225904561837
unknown,0.2015981957619106,1.2233563595747692
wish,0.2009828274250503,1.222603776388071
hassle,0.19943491850793388,1.2207127610378374
hell,0.19836982316920532,1.2194132777257862
start,0.1976890650728855,1.2185834347574223
feel,0.19767065538987103,1.2185610012291592
psychedelic,0.19715170739896956,1.2179287955009148
left,0.19703014634395588,1.2177807517899595
names,0.19682579424706212,1.2175319211651703
trip,0.196776369659753,1.2174717466394938
block,0.196629928956448,1.2172934722742923
synth,0.19659045560108407,1.2172454225648268
provide,0.19626174116778158,1.2168453621819717
minutes,0.19579582794155645,1.2162785498863864
disable,0.194408023642399,1.2145917640209483
platform,0.1943065629090915,1.2144685369013641
mode,0.19263167391468403,1.212436139410065
easier,0.1923973189552021,1.2121520322799968
voices,0.19156326902106094,1.2111414584504054
current,0.190947098029175,1.2103954180844578
purpose,0.19031942628033147,1.2096359254565645
response,0.18943967243138327,1.208572211567119
clicking,0.18828877074706238,1.2071820638883015
solo,0.1876683653483344,1.2064333538944938
tells,0.18746502634570306,1.2061880638789306
atmosphere,0.18686469162655825,1.2054641646190365
speaker,0.18682561880286389,1.205417064650433
creates,0.18580816262639216,1.2041912293353867
hardcore,0.1840669877618455,1.2020963461429928
browse,0.1839529320219613,1.2019592479733865
suggestions,0.18267451623861408,1.2004236260906083
talent,0.18194202449782534,1.1995446476605702
store,0.18141331448463963,1.198910604021469
discount,0.1810882006567664,1.1985208849606783
pausing,0.17967285063554894,1.1968257582824848
atmospheric,0.17906009625369795,1.1960926226937465
generic,0.17850861746498123,1.1954331848326996
installed,0.17664735503138404,1.193210239338111
everytime,0.17659326783357618,1.1931457036851616
minor,0.17648462633458503,1.193016085588478
cache,0.17634512092260132,1.1928496649965112
controls,0.17609680697056168,1.1925535005544101
ft,0.17388868946119973,1.189923107466271
bother,0.17382620460471118,1.1898487576145627
mark,0.17362848324902985,1.1896135223614344
subscriptions,0.1733891816937108,1.1893288800543365
somebody,0.17299383976919142,1.1888587814169822
word,0.17203463469833524,1.1877189687897338
life,0.17141215518347075,1.1869798681236237
brown,0.17132093912890364,1.1868716014411078
night,0.17100929502158693,1.1865017775300917
guitar,0.17024887453051923,1.1855998802198267
tons,0.16801860781699512,1.1829586227205764
decade,0.16703736777410078,1.1817984256598721
fresh,0.16701072580903012,1.1817669406469082
aren,0.16647870120376138,1.1811383787768075
rising,0.16464447621747447,1.1789738909358798
season,0.16452184634275702,1.1788293223797324
positive,0.16327185203586148,1.177356713006367
customer,0.16221678311345866,1.1761151755968302
missed,0.1621001590311698,1.1759780202417742
skipped,0.16195825126869498,1.175811151672455
linked,0.161744003795331,1.1755592640881587
battery,0.16111478856879216,1.1748198169595883
warning,0.16078732935056914,1.174435174361593
road,0.15961437136003023,1.1730584188355018
taken,0.1594178329199023,1.1728278904182747
proper,0.15892289973872348,1.172247562603087
normally,0.1571086477595878,1.170122738208852
submissions,0.15608218240694358,1.1689222639877415
forced,0.15512509618813003,1.1678040398018525
ugly,0.15429023349625673,1.1668294906415755
overall,0.15396109547997927,1.1664455058931473
30,0.15326366331631566,1.1656322729005633
usa,0.15322270020322495,1.1655845259518847
colors,0.15300738810457132,1.1653335885173461
information,0.1495450451563911,1.1613057808343477
swipe,0.14905139222967298,1.1607326403147107
undiscovered,0.14856481043983574,1.1601679863353767
starred,0.14851417302167252,1.160109239911309
dots,0.14744850557593572,1.158873607764251
vibes,0.14704175715641896,1.1584023336073799
log,0.14669225067229033,1.1579975352245049
regardless,0.14598637864714892,1.1571804255805542
tab,0.14584250560826167,1.1570139504921106
emotional,0.1458044563544397,1.1569699278121532
bs,0.14493024926239068,1.1559589384673863
alternative,0.14472033913520146,1.1557163164448878
hard,0.14470782287132822,1.1557018512850337
public,0.14427999844873227,1.155207519558947
million,0.14344656696924676,1.154245134343582
buy,0.14187320208969678,1.1524305134915112
accessible,0.14149737765492723,1.1519974833219233
2015,0.14139215279741268,1.151876270928274
period,0.1396628843215396,1.1498860888803382
mind,0.13860136731106656,1.1486661128640898
entirely,0.13643299778403084,1.1461780787317726
liked,0.13615218516857625,1.1458562626548292
turns,0.13612388785201177,1.1458238384561885
experienced,0.1356475522926167,1.1452781717876657
sadly,0.13555841783300712,1.1451760925861754
ear,0.13547449860202013,1.1450799943214436
break,0.13534118455139427,1.144927349244203
vocal,0.13447245510200112,1.14393314904652
100,0.13441241743184368,1.14386447202706
answer,0.1343878655650579,1.1438363883636766
pm,0.13304001276212005,1.1422957038227544
windows,0.13191274814875084,1.1410087597973404
couldn,0.13184438138490973,1.1409307553874035
wife,0.13101734283649943,1.1399875517582736
greatly,0.13066152288217672,1.1395819935968006
study,0.1301736970633362,1.1390262116510514
hiphop,0.1299016386895735,1.138716372181359
generate,0.12939782568941582,1.1381428165640817
benefit,0.1293114527385634,1.1380445160558372
native,0.12895435817206702,1.13763819909383
click,0.12852361147946129,1.1371482707272753
heavily,0.12850685230397124,1.1371292132195425
material,0.12714832666532375,1.1355854428921446
base,0.12677490621559787,1.1351614712301286
700,0.1262331313940904,1.1345466358928622
stays,0.126070442959532,1.1343620732902426
speakers,0.12560271939623216,1.1338316294794561
types,0.12471704290190071,1.1328278660271591
whilst,0.12402145158091445,1.1320401547896903
suddenly,0.12326350382898156,1.1311824525870593
particular,0.12292956560636428,1.1308047705941229
solution,0.12290971442003203,1.1307823230007228
won,0.12252157972292302,1.1303435123106247
guess,0.12192862518020477,1.1296734686625125
custom,0.12164112151969178,1.1293487300890888
reinstalling,0.12050805857329164,1.1280698315625513
exact,0.11894614035256845,1.1263092540353687
don,0.11878055542941739,1.1261227696440228
chance,0.11814327986770908,1.125405347745447
problems,0.1177549063072542,1.1249683549273093
epic,0.11508776970351076,1.1219719083922448
screwed,0.11468306916297227,1.1215179376217537
indie,0.11443601347815606,1.1212408944635934
according,0.1132368226083037,1.1198971185030149
possibly,0.11258947128079058,1.1191723862201857
essentially,0.11168033080676133,1.1181553636846826
player,0.11134319994359734,1.1177784625378464
happy,0.10830090953802732,1.1143830234205214
episodes,0.10769664257902128,1.1137098419909226
plenty,0.10749801659841407,1.1134886522491871
accounts,0.1073144707371114,1.1132842947705177
adding,0.1068410759928762,1.1127573965617952
designed,0.1054883909173965,1.111253203817733
mid,0.10514250164740652,1.110868899725453
model,0.10452272560448651,1.1101806231052902
friends,0.10427175203530822,1.109902032072832
stories,0.10422711656942613,1.1098524921841733
canceled,0.10416872982037892,1.1097876933969462
tech,0.10342843473293044,1.108966427046643
dislike,0.10198801989016719,1.1073702052317822
releasing,0.10168261962565557,1.1070320657147692
running,0.10139916498283877,1.1067183168048886
sit,0.10052041939559776,1.1057462201430575
relevant,0.09928503515738864,1.1043810421245617
detroit,0.09883284206802068,1.1038817615434058
movie,0.09865516989018801,1.1036856498890708
radar,0.09739020414250149,1.102290407998397
lost,0.09723118207029507,1.1021151334301758
mixtape,0.09557038787405586,1.1002862661194661
forget,0.09549169611874879,1.1001996860684577
logged,0.09404143656067021,1.0986052673978555
active,0.09351078084838269,1.098022440890946
story,0.09322840369173849,1.0977124282084656
ridiculous,0.09203752026565491,1.0964059587519208
fail,0.09141782685966225,1.0957267336863745
previous,0.08984146253302133,1.0940008298356705
surely,0.08910150644386913,1.0931916166881166
behavior,0.08793965466810177,1.0919222276307743
american,0.08786015323997289,1.0918354217049153
using,0.08782686770840188,1.0917990799873458
zero,0.08758747339854993,1.0915377407829026
age,0.0866063169677701,1.0904672967315006
quiet,0.08652076908605214,1.0903740135543285
twice,0.08505876234063967,1.088781044141246
superior,0.08490955446406563,1.088618601552754
want,0.08420721172073561,1.0878542866146432
bigger,0.0832495889177715,1.0868130311880217
removing,0.08317131765892871,1.0867279682929771
problem,0.08287773187016781,1.0864089672346173
phones,0.08250004214126892,1.0859987192044196
bank,0.08212843535716492,1.0855952296871991
paypal,0.0820183670294757,1.085475746611492
afraid,0.08162350416120885,1.085047217155504
artists,0.07961283946074066,1.0828677428479156
chilling,0.07804586781629137,1.0811722485428603
implemented,0.0765635124718724,1.079570754366978
caused,0.07613552573163108,1.0791088112587703
gave,0.07601605944026954,1.0789799018314326
posted,0.07584195338045509,1.0787920612446724
tool,0.07488239090547895,1.0777573893599477
post,0.0746852776387866,1.0775449700162523
frequently,0.07461856045435186,1.0774730816478724
king,0.07454147222455733,1.0773900243567678
black,0.07434893991369426,1.0771826119331147
daft,0.07418342474022678,1.0770043366202862
leftfield,0.07383752172121896,1.0766318619925277
nearly,0.07383300796914642,1.0766270023541968
repeat,0.07315769179759872,1.0759001841724403
america,0.07227979253079052,1.0749560666702644
skip,0.0717685434626406,1.0744066368425882
matter,0.07153071341643501,1.0741511410459972
multi,0.0712566604041669,1.0738568070235672
shouldn,0.07060588198597967,1.0731581915359298
like,0.07017061443573687,1.0726911822432457
forum,0.0696007035363186,1.0720800180178942
files,0.06958793060145885,1.072066324497113
menus,0.06909959901211282,1.0715429284507996
sent,0.06609272347499309,1.0683257714515473
air,0.06555897878873355,1.0677557103949042
barely,0.06441524869335764,1.066535184163757
weekly,0.06424040510890094,1.0663487236303975
summer,0.0637207488237031,1.0657947327688335
70,0.06316545467413924,1.0652030674784316
prefer,0.06233108595956053,1.064314666042976
shuffle,0.060776398239007975,1.062661274687522
messages,0.06036660437867699,1.062225891836246
decided,0.05929310188134646,1.0610862015282756
state,0.05904512067062909,1.060823104710227
multiple,0.05852894725843058,1.060275677324415
believe,0.058118532189028425,1.0598406134932037
leaving,0.05766720455272317,1.0593623860610015
middle,0.05752223229589431,1.0592088190368427
ended,0.057392750713083765,1.059071679881116
till,0.05668418227368405,1.0583215209145602
ends,0.05604743597423309,1.057647853102993
probably,0.055665960900471295,1.0572444637565988
enabled,0.055630367934517,1.0572068339600769
upgrade,0.054184497907644104,1.0556793548209054
ed,0.05394424750632487,1.0554257578968465
bands,0.053902390120510145,1.055381581458261
thats,0.05351615460546872,1.0549740343192373
cover,0.052017571022471176,1.053394251564818
loads,0.05170269703879648,1.0530626173346833
subreddit,0.05155569009863911,1.0529078211998468
exactly,0.05145177205768981,1.052798410766725
admit,0.0501596868654744,1.051438983966533
accidentally,0.050149013700527954,1.0514277618447139
scott,0.0500927609161716,1.0513686177690855
swift,0.04960292248502629,1.0508537431277905
follows,0.048324885603720114,1.0495115711425531
job,0.04683715764964392,1.0479513443243393
access,0.046783115955743915,1.047894712788813
lately,0.04616242776326329,1.047244498724593
expecting,0.04561733046069173,1.0466738041293786
thing,0.044809626966372605,1.0458287433655789
sorting,0.04472872424804442,1.0457441363998479
invite,0.04402004302555767,1.0450032997063883
related,0.04153975504276877,1.042414602264831
tagging,0.04150116943572164,1.042374380840597
recommending,0.04019482214059005,1.0410135669289817
popularity,0.0400932154873025,1.0409077983979034
accident,0.03983298280536852,1.040636955412507
quick,0.03973392408305763,1.0405338763508387
sheeran,0.039504989824664896,1.0402956897650988
flying,0.03877443054121431,1.0395359696354936
ps,0.037719233019164876,1.038439632384154
write,0.037390683287316574,1.038098509362401
frustrating,0.036909164873771286,1.037598766142506
alexa,0.036126469788445435,1.0367869604273212
forums,0.03591259292321067,1.0365652393936537
later,0.03575572164139997,1.036402644829412
rain,0.03553223723506132,1.0361710508793867
contacted,0.035311405746333055,1.035942256947026
code,0.034926750185978614,1.035543852626816
unusable,0.0348745427750097,1.0354897909745473
usually,0.03419513427907827,1.0347865093479176
creating,0.03396011951825528,1.034543347818314
mess,0.03254061472150292,1.0330758503798807
brand,0.032340620976798753,1.032869262330847
gone,0.031255642397120365,1.0317492290215577
form,0.030575376838717822,1.0310476042287937
holding,0.03026265949412521,1.0307252281687707
existing,0.02965295500611311,1.0300969819129917
need,0.028813728211546825,1.0292328595727962
limited,0.028408778152415957,1.0288161560432068
weird,0.02801193327486822,1.0284079566230242
lovers,0.027384390850765657,1.027762789457015
rappers,0.026836339696808507,1.0271996771955159
notification,0.026429137602126965,1.0267814844855578
ability,0.025834442736542406,1.0261710443394583
french,0.02573899800569942,1.0260731063942372
slight,0.024968670245569112,1.025282998156684
soul,0.024641654581114187,1.024947769371307
negative,0.02454991404794814,1.0248537444294925
pops,0.02417966257488514,1.0244743610589033
400,0.023187521039698705,1.023458441544871
listens,0.02125735757354555,1.0214849046889503
turning,0.01848673834298109,1.018658675978018
college,0.01839124074419622,1.0185614011653101
beginning,0.018148479554003026,1.0183141639982871
changing,0.018141635617045213,1.018307194744194
catch,0.0167397903138609,1.0168806856921615
endless,0.01597248470587473,1.0161007267110944
editing,0.015464177746547883,1.0155843668860942
realize,0.015393415539894225,1.0155125044378532
software,0.01524030072083855,1.0153570263277925
questions,0.01521306052850653,1.0153293681838178
friend,0.014283877769138429,1.0143863798119366
loud,0.013862377363497892,1.0139589056379674
chill,0.011244197243206359,1.0113076508342438
downtempo,0.010878690827149002,1.010938078943819
genius,0.010121357445507595,1.010172751630403
user,0.009693924252528961,1.0097410625314112
change,0.009384863598789555,1.0094290395180197
sends,0.008576329091183124,1.0086132111637218
taylor,0.00849817090123147,1.0085343828613547
curious,0.008375714402091075,1.0084108888330443
clicked,0.007907184879158707,1.0079385292262313
connection,0.007236342597027859,1.0072625881932995
autumn,0.006516293660248161,1.006537570892906
occasionally,0.006495740593811211,1.0065168836719338
discography,0.0062429779635714,1.0062625059669794
hand,0.00617777433117033,1.0061968961354644
waiting,0.005868202940262744,1.0058854545719869
meaning,0.005498962979318805,1.0055141100278682
likes,0.005411285592237918,1.0054259530427716
female,0.004621939117979514,1.0046326367535081
shortcut,0.004459729882427557,1.00446968927764
earlier,0.0029660195905143625,1.0029704225786602
remix,0.002620514277884864,1.0026239508266113
means,0.002436727106873658,1.002439698339241
effort,0.0018348297809440265,1.001836514111102
explicit,0.00178526532989284,1.00178685986479
eventually,0.0008545864673734796,1.0008549517304308
drop,0.0008117482455429631,1.0008120778023164
properly,0.0004403797217287745,1.000440476703114
money,0.0002757636381954574,1.0002758016644828
visit,0.00019734008432048414,1.0001973595571558
simply,-0.00024453338422464744,0.9997554965116264
answers,-0.000385175181364529,0.9996148989890725
major,-0.0007307169314269262,0.9992695499771745
odd,-0.0009415952624442387,0.999058847899271
googling,-0.0017317427463479497,0.998269755854933
read,-0.001956669739575458,0.9980452432907332
total,-0.0021748851345003255,0.9978274782145258
stopping,-0.0021829350979888223,0.9978194457720888
advice,-0.0026144920016055867,0.9973889228059637
searched,-0.0029616864357645553,0.9970426950309298
force,-0.003136362635188889,0.9968685506121834
os,-0.0047285101037419786,0.9952826517003274
needed,-0.004993747351682291,0.9950187006752368
encountered,-0.005106342068894988,0.994906673132986
casting,-0.007294953253832858,0.9927315903336931
000,-0.007829810044374164,0.9922007630723555
6s,-0.008074640805862662,0.9919578715388558
collected,-0.008127135217726565,0.9919058006605226
counts,-0.008239522368202799,0.9917943294581283
lock,-0.008554680827724915,0.9914818063348333
restarted,-0.009669761622519459,0.9903768401919569
pop,-0.01009143469190828,0.9899593129860774
lower,-0.010587135470309757,0.989468710989986
listener,-0.011241014561906027,0.9888219295695495
ipod,-0.01133265852929432,0.9887313141571246
cancelled,-0.012437985467841856,0.9876390465682026
50,-0.01305139037500891,0.9870334096998313
crossfade,-0.013107720135932165,0.9869778119097595
crappy,-0.013302834956022587,0.9867852566973542
days,-0.013915560754041819,0.9861808131114705
computer,-0.014950591938946248,0.9851606132763454
smith,-0.015384879302485272,0.9847328633608576
honest,-0.015448140548744226,0.9846705699030909
wont,-0.0155451452729371,0.9845750568387207
awesome,-0.015751945632661458,0.9843714674146995
hasn,-0.01579370808227719,0.9843303585092987
unlimited,-0.017135237456080876,0.9830107357740732
suggestion,-0.017813530118176154,0.9823441928863669
cheers,-0.01810053473735567,0.9820622960201707
interested,-0.01834677950601235,0.9818204980892403
radio,-0.019184323173966077,0.9809985248153037
lossless,-0.01945634219038014,0.9807317108523609
fade,-0.020281812474251395,0.9799224800125585
make,-0.0204700850350721,0.9797380048641899
articles,-0.021898377090001035,0.9783396517219941
mad,-0.023195147694754715,0.9770717918595473
bothered,-0.023919493419315166,0.9763643103460632
greyed,-0.023949641026254083,0.9763348757422994
mac,-0.02478153427640555,0.9755230070901286
ran,-0.025721150334677673,0.9746068205066728
integration,-0.025896077712321528,0.9744363500017416
login,-0.026126059507676797,0.974212273148295
relaxing,-0.026216417373025776,0.9741242493837761
format,-0.026307507593725035,0.9740355202321516
error,-0.026521247355335134,0.9738273523599256
unable,-0.02750717540819431,0.9728677018055296
product,-0.028071191559354162,0.9723191434212058
saving,-0.02820296935804881,0.972191021786836
default,-0.029247974904105828,0.9711756074264668
reached,-0.03097348639603608,0.9695012777081828
subscriber,-0.031240833979054288,0.9692421185291882
moment,-0.03153083220136677,0.9689610807900163
lots,-0.031888378777738056,0.9686146940013382
student,-0.03258092881797268,0.9679441120886034
continues,-0.034385184594158784,0.966199267879302
originally,-0.03452614205122108,0.9660630844857442
constant,-0.03456958633913707,0.9660211154746203
received,-0.03571453275104486,0.9649157060026917
transfer,-0.03642230794822416,0.964233004226806
attempting,-0.03662104665527416,0.9640413928471807
import,-0.037173640051235426,0.9635088171025319
avoid,-0.037243451110115955,0.9634415558795852
resetting,-0.03961766196096716,0.9611568557366045
prevent,-0.03966191782939181,0.9611143198464999
line,-0.03967188106716112,0.9611047440837107
insight,-0.0402858085909572,0.9605148765145618
closed,-0.041192248410132686,0.9596446220598097
disabled,-0.04139503723756278,0.9594500365826999
ve,-0.041711262489054546,0.9591466822202703
thought,-0.04190451106479403,0.9589613463985246
local,-0.04339791386105041,0.9575302996728684
location,-0.04350112930078868,0.957431472862239
lil,-0.04401163941313014,0.956942819155411
yo,-0.04416195361228601,0.9567989878721246
agree,-0.04481702647543213,0.9561724200658733
excited,-0.046008202470591134,0.9550341285192342
sense,-0.04738840457674588,0.9537168976351283
sign,-0.04819500884066272,0.9529479356846116
correctly,-0.05060694185182754,0.9506522587230456
happened,-0.05064499907265739,0.9506160802285338
yeah,-0.05093645054867989,0.9503390621394469
stuck,-0.050964416471984304,0.9503124854017452
restarting,-0.052448473799613676,0.9489032131732872
attention,-0.05261661589504598,0.9487436760114939
hide,-0.05263080047348246,0.9487302185778497
plugged,-0.05356145259737296,0.9478476915114729
usual,-0.05380383311696194,0.9476179795354918
transferring,-0.053997101918097465,0.9474348522416187
metadata,-0.054153081657518184,0.9472870831250417
action,-0.0551568985554167,0.9463366574503239
bar,-0.05552841481777335,0.9459851432930729
pissed,-0.06166689988607005,0.9401960140362251
malone,-0.06184092255059893,0.9400324128562526
customers,-0.06389570666744271,0.93810283229965
restart,-0.06418884407138124,0.9378278795721956
massive,-0.06435930547476737,0.9376680297402095
trial,-0.06727848126926839,0.9349348032497723
streaming,-0.06777791504173805,0.9344679818168702
dont,-0.06819973166078139,0.9340738908150863
useful,-0.06840694572590866,0.9338803576191339
lyrics,-0.06864943545165468,0.9336539286817902
weeks,-0.06974375047098702,0.9326327759980392
mixes,-0.07084947224630213,0.9316021135472121
depth,-0.07116133677236602,0.9313116251944512
wanting,-0.07133711024499391,0.9311479397021972
personal,-0.07198342704398163,0.9305463175866076
echo,-0.07232442214062995,0.9302290599498299
pressing,-0.07354635354148004,0.9290930780388239
ideas,-0.07377930084480323,0.9288766735181618
slide,-0.0754092734295739,0.927363863260255
end,-0.07588496552822825,0.9269228285046153
auto,-0.07699971630600864,0.9258901162759208
justin,-0.07704381908016117,0.9258492828536729
opened,-0.07734359350993934,0.9255717785092763
sources,-0.07736080808715284,0.9255558453195705
obvious,-0.07760721601303934,0.9253278091195505
updates,-0.07803948514172153,0.9249279049131055
melodies,-0.07817980285222137,0.9247981302521652
folders,-0.07835242478765746,0.9246385035869618
begin,-0.07846447683459688,0.924534901754463
handle,-0.07936562899355583,0.9237021304149153
suggests,-0.07973458645636655,0.9233613864843581
reset,-0.07978289281369046,0.9233167833365999
beat,-0.08031281974667258,0.9228276225266266
generally,-0.0804201658300995,0.9227285659124351
newest,-0.08060196800572328,0.9225608270997446
vol,-0.08083537148123407,0.9223455233236316
discovering,-0.08088513790612516,0.9222996226265878
banner,-0.0821456617752053,0.9211377743603997
written,-0.08288425259881407,0.9204576816390161
august,-0.08295977039701105,0.9203881733261555
dead,-0.08387586096839005,0.9195454004856287
memory,-0.08413123513403613,0.9193106023281739
actually,-0.08466006253971325,0.918824574211154
paid,-0.0855444722147893,0.9180123161054321
chrome,-0.08591220387456584,0.9176747959749577
mp3,-0.08716287130604083,0.916527807395084
receive,-0.08724076839296135,0.9164564153294593
fall,-0.08743268546377549,0.9162805485751564
unavailable,-0.08769784907968595,0.9160376165215022
area,-0.08781906191115067,0.9159265877374679
recordings,-0.08791182332477941,0.915841629032915
leave,-0.08833670471996254,0.9154525876178868
new,-0.08884564873107198,0.9149867920479513
official,-0.08907205307434245,0.9147796585130473
added,-0.08962248816925741,0.9142762702388832
plans,-0.09353257077748424,0.9107083544639627
category,-0.09469333058720715,0.909651854097928
unfortunately,-0.09550254979415869,0.9089160441018966
small,-0.09670206989046479,0.9078264346759917
latest,-0.09685239705731415,0.9076899739572094
obviously,-0.09772550706297012,0.9068978066338457
functionality,-0.09780153034980066,0.9068288639024257
deleting,-0.09856147252897418,0.9061399881854638
available,-0.09919439766877204,0.9055666508657064
somewhat,-0.10012715901743215,0.9047223671139824
weeknd,-0.100537960645186,0.9043507820220127
calm,-0.10166927994047646,0.9033282510461716
albums,-0.10213451945787755,0.9029080847931512
press,-0.1031917412916121,0.9019540150725873
member,-0.1034297812701303,0.9017393395099118
copied,-0.10348213779123096,0.9016921288110602
happens,-0.10413717004240217,0.9011016847871126
classical,-0.10469833188269595,0.9005961627604868
completely,-0.10497347606658565,0.9003484030506546
shows,-0.10524744229424315,0.9001017717809552
subscribe,-0.10531669936538503,0.9000394355271502
count,-0.1061004390289886,0.8993343152741683
15,-0.10646759749616419,0.8990041776756098
credit,-0.10662331509476412,0.8988641978028785
explain,-0.10677909847575363,0.8987241806055537
frustration,-0.10710344222784438,0.898432732299995
emails,-0.10748597868197768,0.8980891147556124
directly,-0.10916773987563716,0.896580012664321
showed,-0.10926369764898057,0.8964939829703564
knew,-0.10935140964841232,0.8964153531390718
wave,-0.11047918288366504,0.8954049697448966
fi,-0.11101173242696409,0.8949282491871157
idk,-0.11142713451173025,0.8945565713299103
space,-0.11215833651317887,0.8939027088564522
looked,-0.11251075843355483,0.893587733452546
guitars,-0.11345719566191773,0.8927424088412388
downloaded,-0.11389662661055867,0.8923501963790881
permission,-0.11416516998436184,0.8921105938200183
restore,-0.11430100415066097,0.8919894229510185
size,-0.11532872934894224,0.8910731738512419
chart,-0.11575794823025283,0.8906907904893454
told,-0.11633329082755761,0.8901784855261158
liking,-0.11709687020138203,0.8894990230403291
rest,-0.11752724951898778,0.8891162834252969
pls,-0.11785488240145539,0.8888250274096388
bad,-0.11931235591853735,0.887530532046375
step,-0.1195009536022399,0.8873631616271485
circle,-0.11995224455630366,0.8869627930074999
followed,-0.12012682284517152,0.88680796207626
soon,-0.12051743839188643,0.8864616287453179
gets,-0.12088050357201115,0.8861398438123907
turn,-0.12118290652741091,0.8858719130182982
tested,-0.12172700885005476,0.8853900391590911
id,-0.12185983571814864,0.8852724433832603
generated,-0.12252144492237724,0.8846869326974552
select,-0.12258684244026777,0.8846290782597356
choosing,-0.12276291595390597,0.8844733322214383
southern,-0.12506680266637366,0.8824379514075061
experience,-0.12515686106399576,0.8823584840380071
wonderful,-0.1254015120231672,0.8821426405927837
roots,-0.12647810518273747,0.8811934429017078
accept,-0.12663670756559456,0.8810536946044049
supposed,-0.12821120422966995,0.8796675700120071
similar,-0.1282372635674433,0.8796446467563557
breaking,-0.12824739903525811,0.8796357311915318
ruined,-0.12987391679759452,0.8782061509843329
wrong,-0.1302990780996255,0.8778328510756895
christmas,-0.13115712509455685,0.8770799522932341
replacing,-0.1333445547120405,0.8751634984468005
backup,-0.1333821217282246,0.8751306217830336
plug,-0.13429336610232442,0.874333527156485
good,-0.13529199379711548,0.8734608293044297
cast,-0.13576284689694804,0.8730496543744611
likely,-0.13581313085243735,0.8730057550882248
checking,-0.13608180596412317,0.8727712316761868
rip,-0.1363916504185294,0.872500850240344
duration,-0.1383255550343856,0.8708151473384128
white,-0.13918413711721486,0.87006780193005
loaded,-0.14262776995814178,0.8670767608529293
deep,-0.14322341186488127,0.8665604473820406
process,-0.14331880354386622,0.8664777886685623
90,-0.14356267213573945,0.8662665077137919
converter,-0.1454511289992506,0.8646321444796183
imo,-0.1456940381644052,0.864422142913922
outside,-0.1461053499158477,0.8640666690386372
layout,-0.14757822225881506,0.862794945912142
copy,-0.14809963684910069,0.8623451893039372
help,-0.14833101081132613,0.8621456881612568
playback,-0.14894850268443685,0.8616134845379966
messed,-0.14914322368459265,0.8614457266320632
subscribed,-0.14922444733316004,0.8613757597086262
especially,-0.14972048362962215,0.8609485920210158
exclusively,-0.15006020772571566,0.8606561567152811
term,-0.15051962851259088,0.8602608442008802
thousands,-0.15052657653288742,0.8602548671118389
users,-0.15099908713501525,0.8598484835844201
25,-0.15172051981479864,0.8592283844954688
syncing,-0.1517397781508023,0.8592118373458721
development,-0.15434812212226937,0.8569736375960881
removed,-0.1543842601928081,0.8569426687819027
assuming,-0.15488480313047434,0.8565138395137433
tell,-0.15523380238832712,0.856214968975244
hold,-0.1597655032757635,0.8523436373242793
keeps,-0.15998916625040369,0.8521530209286493
4g,-0.16202141199513,0.850422995092254
germany,-0.1623235283915318,0.8501661071685404
words,-0.16253655623170038,0.8499850174082109
deletes,-0.16309405873255586,0.8495112807022853
streams,-0.16335393678041385,0.8492905400530899
light,-0.1635900811800741,0.8490900085265023
cancel,-0.16360020207714482,0.8490814150174093
requires,-0.16392599924121484,0.8488048317577994
phone,-0.16489786554048816,0.8479803076756364
notes,-0.16501413697992315,0.8478817175163713
drum,-0.16632532518624038,0.8467707135348419
regular,-0.16777767529977097,0.8455417986162806
lack,-0.1678932936347907,0.8454440441325493
slowly,-0.16800074288685324,0.8453532066826419
ratings,-0.1681696375531519,0.8452104430912386
buggy,-0.16846546764725717,0.8449604413871573
browsing,-0.17008322358268954,0.8435946067093572
discuss,-0.171014792975094,0.8428091057252927
ok,-0.17334465549522432,0.8408477620959677
input,-0.17458325680199144,0.8398069316790651
slightly,-0.17463625521756881,0.8397624244217126
worked,-0.1747423426281374,0.8396733409260152
finally,-0.1747849946827607,0.8396375278965673
track,-0.17502876770346687,0.8394328718659166
playlists,-0.17525394285640303,0.8392438737202563
labels,-0.17665614401184174,0.8380679096525967
free,-0.17729783837897828,0.8375302987051009
notifications,-0.17731031226413155,0.8375198515135011
title,-0.17822673440665637,0.8367526813563205
open,-0.178878048840703,0.8362078696983339
disappear,-0.17962110313901508,0.8355867526369014
decent,-0.1808369309890646,0.8345714403394696
options,-0.18229633932999373,0.8333543481516031
takes,-0.18319466631581888,0.8326060596061226
12,-0.18414195492759658,0.8318177148217308
macbook,-0.18545130122734138,0.8307292900927111
live,-0.18572428660206153,0.8305025440967426
picked,-0.18741556243784027,0.8290991223335473
jump,-0.18917004280441532,0.8276457595225392
filter,-0.18937277572391883,0.8274779854886309
corner,-0.1895088747438746,0.8273653742090872
choose,-0.191349723722917,0.8258437205017216
favourites,-0.19163427683585352,0.8256087575315615
calling,-0.19199334917300645,0.8253123574831345
causes,-0.19223120878559496,0.8251160723505973
3d,-0.1924725954746289,0.824916924350629
work,-0.19291419278761743,0.8245527236743355
playlisti,-0.19333194094634235,0.8242083402300321
fast,-0.1935201001708507,0.8240532724170784
catalogue,-0.19376944503297994,0.8238478245822258
understand,-0.19434941953715515,0.8233701523808865
launched,-0.19436761614346887,0.8233551699746882
certain,-0.19575560604607797,0.8222131540491315
card,-0.1961667230381048,0.8218751977249877
garbage,-0.19690596493674886,0.8212678576566439
unless,-0.1969781511193817,0.8212085756047788
merge,-0.1971953710969149,0.8210302120691988
group,-0.1975817628769216,0.8207130340255587
replaced,-0.19789308661998128,0.8204575663404694
push,-0.19864345450190382,0.8198421522565643
opening,-0.19974098162152737,0.8189428468569574
includes,-0.19982719199732013,0.818872248529575
pair,-0.19990087877175644,0.8188119106979828
pictures,-0.20100908308795712,0.8179050024170422
faster,-0.20135026544964926,0.8176259952555454
goodbye,-0.20247807618207986,0.8167043876801263
adds,-0.20294000012093477,0.8163272194907033
crap,-0.20367160924987096,0.8157302054618111
community,-0.20428522416770706,0.8152298147781051
cole,-0.204366197931054,0.8151638052245669
functions,-0.20458733465449563,0.8149835625014884
rate,-0.20563218793437424,0.814132468964528
selected,-0.20672043564740472,0.8132469730739021
playlistsi,-0.20814426548853787,0.8120898717186296
2016,-0.2081808959370412,0.8120601250472238
japanese,-0.21012474152844435,0.8104831387586771
brings,-0.2105454293205817,0.810142250105343
scroll,-0.21312536618727262,0.8080548281133453
hearing,-0.21332501098008957,0.8078935202772723
stopped,-0.21343394472040406,0.807805518207617
disliked,-0.21394914043252028,0.8073894474565492
able,-0.21453323442904912,0.8069179938274499
disappears,-0.2155769298584055,0.806076256540515
categories,-0.21573862599153404,0.8059459276639473
including,-0.21591467783428023,0.8058040518873407
say,-0.21659262395005757,0.8052579452966234
really,-0.21852671086426015,0.8037020115826078
wow,-0.2189430205895514,0.8033674922556058
transition,-0.22374826042024626,0.799516378954933
debit,-0.22433667096206109,0.7990460734691245
wait,-0.22456068396986592,0.7988670968021312
disappeared,-0.22458242938989076,0.7988497252904434
appreciated,-0.22463476633795598,0.7988079170279269
site,-0.22502739793396628,0.7984943413644435
individually,-0.22518316954606613,0.7983699683007844
worst,-0.22544628020151117,0.7981599362871792
homepod,-0.22638871186189524,0.797408079435671
feels,-0.22799367353750422,0.7961292965016576
purchased,-0.22805418118403162,0.7960811260489499
totally,-0.22938957957568065,0.7950187500990463
control,-0.2303778202310048,0.7942334683360456
truly,-0.23056919616452073,0.7940814857079858
300,-0.23105574564449316,0.7936952197504292
officially,-0.2326728063240305,0.7924128035708711
familiar,-0.23359175005752716,0.7916849552677254
label,-0.23517132658057116,0.7904354154304397
payment,-0.23542175993815145,0.7902374888201503
record,-0.23570665306418118,0.7900123876580639
color,-0.2365799235532657,0.7893227942984998
profile,-0.23793797056561122,0.7882515843772784
sky,-0.2386899099226425,0.7876590897756647
instantly,-0.23893262143649605,0.7874679390437649
countries,-0.23917412116187425,0.787277788714292
manage,-0.23982956517636983,0.7867619412729605
joke,-0.23985939520251195,0.7867384724937235
self,-0.2398736690141292,0.7867272428171205
curators,-0.24061200958325146,0.7861465845650657
shuffled,-0.24173334032472862,0.7852655482913313
anytime,-0.24197382155011776,0.7850767293746346
figured,-0.2422138479095596,0.7848883128787676
logic,-0.24285706730520318,0.7843836198240914
getting,-0.2435925107017817,0.7838069621460398
pick,-0.24376232778002452,0.7836738696388321
imported,-0.24450720382113378,0.7830903471022533
appears,-0.24468452396089305,0.7829515017228659
legendary,-0.24628368169992976,0.7817004393592382
locally,-0.24639674554511434,0.7816120622980011
complete,-0.24765091707591175,0.7806324011613056
individual,-0.24791954802198732,0.7804227273045485
delete,-0.2497377278306809,0.7790050676301546
travel,-0.24974952059205419,0.7789958810634511
ll,-0.24984797193341496,0.7789191916491957
matched,-0.25002092002712417,0.7787844907083176
kept,-0.25170264786273233,0.7774758878177238
gonna,-0.2546694942451496,0.775172654651484
thinks,-0.2558756296189859,0.774238255111325
goes,-0.2566168690042585,0.773664571867626
unreleased,-0.25736321636089204,0.7730873647847756
network,-0.25794967848073197,0.7726341112510074
easily,-0.25904277207130966,0.7717900112803192
signed,-0.2595821377157773,0.7713738465060712
changed,-0.25958774257835365,0.7713695230737827
neo,-0.2598615652551351,0.7711583335217508
website,-0.2604336758252071,0.7707172718679913
fans,-0.2618460583953671,0.7696294925877588
alt,-0.2644401709938007,0.7676355743672583
drag,-0.2649204232792964,0.7672670041386719
annoying,-0.2653208579326264,0.7669598253484788
loading,-0.2659355555804953,0.7664885218172536
telling,-0.26636255645685464,0.7661613004136031
costs,-0.26675723748828795,0.7658589707471285
basic,-0.2680034414217405,0.7649051487371262
http,-0.2685759338781979,0.7644673716335701
splitting,-0.2697528461821988,0.7635681898107526
fixes,-0.2703643215986234,0.7631014293547351
carplay,-0.27044292056040875,0.763041452731732
fan,-0.2732649674218052,0.7608911495501823
incorrect,-0.2737591236783454,0.7605152433139447
mobile,-0.27456935206090577,0.7598993018387701
extra,-0.27499471892739663,0.7595761345910909
sudden,-0.2766402881073685,0.7583272273776013
downloading,-0.27696523142574747,0.7580808540427724
strange,-0.27898967402190633,0.7565477152698484
soft,-0.2794198193957756,0.7562223597501162
ripped,-0.27955013143696633,0.7561238212913364
activity,-0.28227134790162933,0.7540690417174916
things,-0.28259620914999906,0.7538241136932082
dream,-0.28352839058501106,0.7531217402697532
movies,-0.28417681666185474,0.752633554787528
picking,-0.2848926189870399,0.7520950107075457
time,-0.2867865152486077,0.7506719687506962
organize,-0.28819951236924757,0.7496120204486102
absolutely,-0.2899770532243013,0.7482807380118163
ux,-0.29184486962787853,0.7468843914403498
writing,-0.2922352509338702,0.7465928786404704
image,-0.2936346989937195,0.7455487914282712
months,-0.2939318835194217,0.7453272587839702
release,-0.2949149283727449,0.7445949286738295
heads,-0.29495346142414575,0.7445662377119489
mix,-0.29502105998017647,0.7445159078105438
usage,-0.2968859444949231,0.7431287654552506
solutions,-0.2973449568376479,0.742787738453462
definitely,-0.2976640482650302,0.7425507590648134
navigate,-0.30003148896500215,0.740794893449971
seamless,-0.30062047028565164,0.7403587075605764
mail,-0.3011716904813781,0.7399507193448895
joined,-0.30283282411601664,0.7387225826490039
history,-0.3032503013216403,0.7384142471754627
tabs,-0.30395712815729714,0.7378925005836962
match,-0.3041847934485157,0.7377245271942436
seconds,-0.3042319753546689,0.737689720765958
recording,-0.304297121674361,0.7376416645609347
chris,-0.3045762543015173,0.7374357934392162
earth,-0.30721491486070635,0.7354925156488749
mistake,-0.3073620542661001,0.7353843036787685
feeling,-0.30791798661104497,0.7349755933765534
india,-0.3146707726009518,0.7300291803174838
unique,-0.3147236656476524,0.7299905678711304
music,-0.3153246854175422,0.7295519609269321
hours,-0.3155552013825325,0.729383806934483
didn,-0.3163863676836973,0.7287778195665698
wonder,-0.3170055151771355,0.7283267382636508
spiritual,-0.3171405439115583,0.7282283998653409
scythe,-0.31714134313519915,0.7282278178482204
star,-0.31854701384477624,0.7272048884541502
used,-0.31943435631222994,0.7265598948815002
knowledge,-0.3202863340124727,0.7259411456708625
export,-0.32046303194353143,0.7258128847044095
older,-0.32357000919948276,0.7235613002017459
losing,-0.3247707437015884,0.7226930165775793
way,-0.32497784801218965,0.7225433592364799
results,-0.3255356372405045,0.722140444714844
fm,-0.32605607097317885,0.721764716247051
censored,-0.32669177565056456,0.7213060328499982
laptop,-0.32748461469414164,0.7207343799091172
beach,-0.32822129465386735,0.7202036248574611
convert,-0.3289535910091109,0.7196764154282765
confirm,-0.3299893742379879,0.7189313725850083
uploaded,-0.33104038588871726,0.7181761642722329
got,-0.3310454692049416,0.7181725135649639
aware,-0.3311376462785333,0.7181063175752527
crashing,-0.3318833200248258,0.7175710441416656
setup,-0.332656661179702,0.7170163314404097
rating,-0.33356827106358766,0.7163629901072153
difference,-0.33647494915504217,0.7142837767641783
musici,-0.3391531113452128,0.7123733682939379
adjust,-0.34076796247642677,0.7112239196982733
updating,-0.3409902578290228,0.7110658354976117
pay,-0.341838261353507,0.7104631047579844
skipping,-0.34419428659611845,0.7087912060403935
folder,-0.34482573292625746,0.708343783710965
la,-0.34516880301880665,0.7081008138237646
dedicated,-0.34777804336216767,0.7062556169411051
drippyk_sotd,-0.350133799499356,0.7045938091125965
play,-0.35073604316399143,0.7041695997064524
quit,-0.352038866586461,0.7032527884098585
discovery,-0.3529448825093754,0.702615918736323
uses,-0.35375926440154215,0.7020439539854355
hacked,-0.3541348562972544,0.7017803214781007
duplicate,-0.3557720853018187,0.7006322864355233
deleted,-0.3576083745208282,0.6993469034500991
included,-0.3583798830132715,0.698807559455912
near,-0.3585457997095878,0.6986916252322639
said,-0.3586117355539884,0.6986455579287385
entire,-0.3589112597439182,0.6984363280202256
fact,-0.35966445678568904,0.6979104659078496
guys,-0.36021632426267564,0.6975254180773263
mentioned,-0.3635081141274299,0.6952330859834202
catalog,-0.3636386223507179,0.6951423582690825
david,-0.36480264811382385,0.6943336654160008
previously,-0.36571679238223,0.6936992343003641
travis,-0.3659838863748994,0.6935139761439347
dozens,-0.36874387026478944,0.6916025277391389
london,-0.36985882260093456,0.6908318535974562
decide,-0.3698611030049095,0.6908302782235475
piece,-0.3702214477129603,0.6905813860348131
try,-0.3717738614524539,0.6895101497190205
missing,-0.3718508748619896,0.6894570502361935
note,-0.37188276246363505,0.6894350654549467
load,-0.37251414797477295,0.6889999035356699
advantages,-0.3744097993280016,0.6876950371128107
methods,-0.3746062538293742,0.687559949596908
data,-0.3755396569931591,0.6869184783868639
lyric,-0.37844833705090775,0.684923355301478
certainly,-0.378803869410911,0.6846798861676888
following,-0.37999879237521983,0.6838622350608384
struggling,-0.3810831887725574,0.6831210592536808
cut,-0.3823836883022452,0.6822332380680497
damn,-0.3824181942296122,0.6822096973836385
happen,-0.3825759735741717,0.6821020672758603
literally,-0.3829418310753395,0.6818525607626832
obscure,-0.38367518518704796,0.6813527046918236
report,-0.38370065669636627,0.6813353498310851
bubbles,-0.38770133011841384,0.6786149948597909
thanks,-0.3889175158224328,0.6777901746734356
starts,-0.39427021298264336,0.6741718616363321
talking,-0.39448468844727963,0.6740272838178145
awful,-0.39487567786719474,0.6737637977945881
red,-0.3954690872879165,0.673364098613994
type,-0.3966497635200407,0.6725695427760918
alphabetically,-0.3974916731883877,0.672003538271158
extremely,-0.3985678418661779,0.6712807381091124
separate,-0.3999195033219549,0.670374006744372
confused,-0.40048613435188474,0.6699942596289022
showing,-0.40137019258131895,0.669402207432872
preferences,-0.40216497356163566,0.6688703906571463
insane,-0.4033144632292177,0.6681019727829486
rn,-0.40564801803977935,0.6665447378635911
jay,-0.4080128240884327,0.664970351129134
elements,-0.40857041926555576,0.6645996702229615
city,-0.40883347139568676,0.664424868855969
created,-0.41052088257467634,0.6633046563000612
known,-0.4115037574989113,0.6626530310717622
difficult,-0.41219644319420157,0.6621941797344238
boys,-0.4124535630033756,0.6620239383804445
purchase,-0.41483159951232984,0.6604514916940114
chicago,-0.41550989149375517,0.660003664638995
speed,-0.41659929600113427,0.6592850451765628
compared,-0.41674713457783763,0.6591875846182347
released,-0.41691663929847267,0.6590758586801624
tags,-0.41780827154659544,0.6584884672980683
wasn,-0.4194048518282468,0.657437976415148
rid,-0.4216833053765691,0.6559417397251714
jazz,-0.4236207576806558,0.654672114206789
split,-0.42535781829595215,0.6535358961867541
3rd,-0.42658593832010383,0.6527337683216111
solved,-0.42715809044522246,0.6523604121273844
world,-0.4281013261106828,0.6517453726291264
michael,-0.4282277621675564,0.6516629737233316
putting,-0.43360728550190863,0.6481667499901409
bon,-0.4345134555342252,0.6475796667441511
easy,-0.4365869740261155,0.6462382894960511
https,-0.437410094207205,0.6457065765800108
2018,-0.43823436133871896,0.6451745611638657
young,-0.44019889302546716,0.6439083394685332
touch,-0.4404534873326615,0.6437444249376882
gems,-0.44183769927761674,0.6428539626516379
dj,-0.4422926603080711,0.6425615556722923
interesting,-0.44336563507059873,0.6418724730899058
possible,-0.4460747091468301,0.6401359462647565
doesn,-0.4461277521296726,0.6401019924452557
trying,-0.4481949206395944,0.6387801604587664
influence,-0.44826424911913343,0.6387358763365752
plan,-0.449513606289391,0.6379383653813243
moving,-0.45014372348169973,0.6375365160690405
felt,-0.45086230381471565,0.6370785594260381
dropped,-0.4515572754317963,0.6366359617236209
famous,-0.4551240038883122,0.6343692988110111
game,-0.4551887512804288,0.6343282263829549
offline,-0.4565908341037123,0.6334394688738342
low,-0.45771966818619414,0.6327248242456741
majority,-0.4604110838279428,0.6310241883423893
hip,-0.4621734307334233,0.6299130841798504
fine,-0.4626344633883759,0.6296227406123373
improved,-0.46298296155223284,0.6294033564730165
eminem,-0.4643253301008273,0.628559032026984
sharing,-0.46476975560830674,0.6282797464256141
search,-0.46491357029578734,0.6281893970671696
team,-0.4653934515709768,0.6278880130582994
recommend,-0.47404642870258634,0.622478351034535
weekend,-0.478490664587061,0.619718048670248
main,-0.4798325082987793,0.6188870415691168
sync,-0.48081433128637957,0.6182797022436203
algorithms,-0.4811552159276206,0.6180689761078265
folks,-0.48186806816370226,0.6176285412572903
ago,-0.48201672464541045,0.6175367335954155
rated,-0.4838819966136446,0.6163859332483584
favorites,-0.4862484919577182,0.6149289834196131
asking,-0.4889875266848379,0.6132469761690281
personalized,-0.4898520865519937,0.612717016568689
thinking,-0.4911546662368414,0.6119194234074444
playing,-0.49127509570100025,0.6118457347164089
frame,-0.4924530077043369,0.6111254585755326
result,-0.49373243157632113,0.6103440700452128
automatically,-0.49473350538521776,0.6097333763080285
amazon,-0.4948014826665988,0.6096919296994696
notice,-0.49685111587190345,0.6084435646576037
gotten,-0.4988213517189499,0.6072459674974439
cloud,-0.5005089255039897,0.6062220593249187
named,-0.5022182480487771,0.6051867154122005
instagram,-0.5029589991264894,0.6047385886962067
mainstream,-0.5040217391880283,0.6040962501511489
frank,-0.5062423649341148,0.6027562668163365
song,-0.5063450076448978,0.6026944014542377
apps,-0.5077267393346029,0.6018622145624403
versions,-0.5085973880142205,0.6013384320683751
listened,-0.50895020355361,0.6011263079476526
russ,-0.5108018628869699,0.6000142566967877
ballads,-0.5110251519845445,0.5998802950115264
letter,-0.5110556825084562,0.5998619806314106
stick,-0.5118409434189415,0.5993911173657888
smart,-0.5118843656595287,0.5993650910255497
comments,-0.5125031855655944,0.5989943067124114
region,-0.5139587817200215,0.5981230471578981
yesterday,-0.5160771684735208,0.5968573323279321
download,-0.5209608293883198,0.5939495894965106
support,-0.5230399216657996,0.5927159963131698
send,-0.5248328446682495,0.5916542542647512
tips,-0.5260261655063492,0.5909486420088246
shared,-0.5289106477509896,0.5892465171980267
synced,-0.5292085010724996,0.5890710343010702
spent,-0.5333521228809721,0.5866351967964994
going,-0.538532711382898,0.583603939868074
feature,-0.5427519192463727,0.5811467808133666
single,-0.545115800005027,0.5797746415460058
downloads,-0.5458676186920687,0.5793389199485619
future,-0.5497078038481705,0.5771184175268587
acoustic,-0.5529134191166669,0.5752713599755402
ios13,-0.5538457694402514,0.5747352554943467
background,-0.554368704644756,0.5744347847661868
grey,-0.5546606292791711,0.574267117575931
came,-0.5587434386665748,0.5719272742149356
focus,-0.5597977491702822,0.5713246030394753
upcoming,-0.56073540564447,0.5707891479022916
services,-0.5642705184148727,0.5687749062796446
shazam,-0.5655082081700105,0.5680713748717809
seen,-0.5658098845383203,0.5679000270095688
add,-0.5668274390482806,0.5673224516829038
devices,-0.5668369281886968,0.5673170683060403
lines,-0.5672574131803454,0.5670785701392754
thank,-0.5699639289926459,0.5655458381397073
piano,-0.5726031186698859,0.564055223274583
apart,-0.573052006018104,0.5638020828411783
beats,-0.583393964946757,0.5580013122245135
wanna,-0.5845087781523235,0.5573795916084886
videos,-0.5875522491760857,0.5556858017797481
kind,-0.5878468129468019,0.555522140980097
direction,-0.5881892880984393,0.55533192102529
airpods,-0.5912821432268144,0.55361701319317
membership,-0.5931786473016255,0.5525680712474981
btw,-0.5934194201624221,0.552435043867533
icon,-0.5997142782972594,0.5489684658929467
bugs,-0.6021315850248803,0.5476430433489197
solve,-0.6065407309369288,0.545233720693859
sleep,-0.6145037980522402,0.5409092289429378
says,-0.6156666182157041,0.5402806143386195
allowing,-0.6177465492473974,0.5391580357707338
doing,-0.6195283857473104,0.5381981996928069
deezer,-0.6214701027456743,0.537154185018512
test,-0.6259099013481436,0.5347746149333273
sick,-0.6283171658228083,0.5334888192469085
experiencing,-0.6303135241987398,0.5324248467626965
shuffling,-0.6331881499586487,0.5308965223158281
finds,-0.6338564267982449,0.5305418549869224
clean,-0.6374274606862347,0.5286506508305966
know,-0.638382791149894,0.5281458559205945
stops,-0.6386284805114137,0.5280161120414621
album,-0.6419186786551881,0.5262816892716812
bedroom,-0.6423881253047747,0.5260346860778609
classic,-0.6465215070523724,0.5238648713333984
looking,-0.6496099042326747,0.5222494643351278
upload,-0.6520561760978159,0.5209734615251529
listening,-0.6532317637989115,0.5203613713845
dumb,-0.6532517078944527,0.5203509933510837
sort,-0.6533371757559951,0.5203065219648948
pl,-0.6534567632205801,0.5202443035474715
opinion,-0.6534905123522838,0.5202267460502298
swae,-0.653535297781156,0.5202034479940078
better,-0.658147521115522,0.5178096780568081
wouldn,-0.6586070611368344,0.5175717784526992
80,-0.6610199337697267,0.516324449101499
moved,-0.6618611255559731,0.5158903038411904
fix,-0.662196454445026,0.5157173399202506
features,-0.6682673938222422,0.5125959357285714
stations,-0.6684657168997344,0.512494286205144
improve,-0.6704422305861579,0.5114823346317545
6lack,-0.6720644008409868,0.5106532958055033
punk,-0.6728216709613548,0.5102667397048877
does,-0.6759390138757353,0.5086785400670224
recently,-0.6829660605373749,0.5051165619806521
feat,-0.6864889459169673,0.5033402249824156
question,-0.6892985914622564,0.501928002213255
pro,-0.693774291275207,0.49968654293878284
lee,-0.6945722072699767,0.499287994079201
songwriter,-0.6951090708877394,0.4990200164605475
morning,-0.6981671004345973,0.4974963294331147
web,-0.6982551484772865,0.49745252778341614
reggae,-0.7037357549658045,0.4947336436046535
vibe,-0.7079451731399611,0.49265547981273067
view,-0.7123855917550832,0.49047273299063027
13,-0.7138326970973745,0.48976348058371616
tidal,-0.7226592715850326,0.48545956908128296
macos,-0.7230257177889695,0.4852817068554874
jpg,-0.7281146053276059,0.48281843579533945
create,-0.728252551087891,0.4827518376327067
x200b,-0.7294241339929854,0.4821865850171398
haven,-0.7402445737193708,0.4769972402645841
subscription,-0.7433150464550897,0.47553487946172995
section,-0.7452494399247297,0.4746158970196905
issues,-0.7494064760735549,0.4726469968090184
ahead,-0.7514284324033976,0.4716922907342957
android,-0.7515602393605552,0.47163012250593184
volume,-0.7542821105189728,0.4703481515493938
content,-0.7544646105765992,0.4702623208169266
connect,-0.7546386369328655,0.4701804898993202
diamonds,-0.755158094133752,0.4699363146829035
far,-0.7610348270747751,0.4671827234472127
updated,-0.7711703573817514,0.46247149452813785
sorted,-0.7738079418247354,0.46125329416824223
saw,-0.7739858592317489,0.4611712364781296
beta,-0.7745384687627977,0.46091645926004926
offers,-0.7777800695453598,0.45942477113992325
having,-0.7788589499169716,0.45892937405725526
genres,-0.7792591865452827,0.4587457304648473
switched,-0.7800641938386887,0.4583765854081706
peaceful,-0.7809080663250306,0.4579899371832058
charge,-0.7812347002554502,0.4578403665586813
iphone,-0.7860606842312512,0.4556361592986719
zayn,-0.7911754718337619,0.4533116269321825
huge,-0.7912071967992564,0.4532972458645805
artwork,-0.793123992393498,0.45242919989994007
disturbing,-0.7999282755689606,0.44936119313731265
catalina,-0.8020140550548669,0.44842490156722215
drake,-0.8031338033003809,0.4479230595912192
message,-0.8082149152945434,0.4456528847511947
icloud,-0.8084865220538788,0.4455318588518491
link,-0.8250189877697306,0.43822667143882355
selection,-0.8253905399177305,0.4380638776228084
psa,-0.8270132818450855,0.43735358946478375
stats,-0.8314458096927574,0.43541929756851694
singer,-0.8380399385665804,0.43255753240009054
anybody,-0.841220675748654,0.43118386636683836
searching,-0.8428652556142701,0.43047533284151207
normal,-0.8518366711003424,0.42663063176657817
library,-0.8584719698580571,0.4238091810016967
boy,-0.8597417871523014,0.42327136231220425
ones,-0.8724986743833167,0.4179060324906147
kinda,-0.8767179241771718,0.41614649711908475
share,-0.8814426533068728,0.4141849551680884
bug,-0.892927354146208,0.40945537575336355
newly,-0.8977648645322834,0.4074794143408214
disappointed,-0.8995225005375201,0.4067638428920715
design,-0.9071843738586538,0.40365917881572394
lot,-0.917732771861583,0.3994235997010531
mean,-0.9537063942606304,0.38531026186599576
repeating,-0.9792604544999173,0.37558876114498096
wtf,-0.9832040277907748,0.374110516037921
asked,-0.9874478347812331,0.37252622730030427
ep,-0.9910792146944406,0.3711758963076563
discussion,-0.9942318627562289,0.37000755199449614
did,-1.0156513214127854,0.36216646622231263
breaks,-1.017459038520969,0.36151236310013984
beats1,-1.023182824553867,0.3594490542877152
hour,-1.028717017288075,0.3574652882779889
melodic,-1.0435065376796542,0.3522174502659461
icons,-1.0487643303653658,0.3503704238281955
station,-1.0500638411896621,0.34991540938204946
various,-1.0511793806657475,0.3495252825709795
glitch,-1.0967666797592168,0.3339491043644244
feedback,-1.1699488403576483,0.31038281993336797
youtube,-1.180613246801045,0.30709035866525514
switch,-1.2584620444385863,0.2840906094238567
independent,-1.370558030570247,0.2539651996581134
vs,-1.4432109835174651,0.23616820765967747
dark,-1.5000244613864107,0.22312470214211805
applemusic,-1.5284572618175227,0.21686998297230056
video,-1.5546469461443304,0.21126395703040227
ios,-1.811753124881735,0.16336748200772136
itunes,-1.8669022632043073,0.154601836600858
apple,-2.9594576972673066,0.05184702633426248
